time,temperature,status,explanation
2026-05-11 16:32:53.935546,31.40141817927575,ANOMALY,"
[AI-style Explanation]
현재 온도: 31.40°C

가능한 원인:
- 장비 부하 증가
- 주변 온도 상승
- 냉각 장치 이상 가능성

대응 방안:
- 장비 상태 확인
- 냉각 시스템 점검
- 온도 변화 추이를 추가 모니터링
"
2026-05-11 16:32:53.965549,23.73385836769792,NORMAL,
2026-05-11 16:32:53.976124,25.0863504039377,NORMAL,
2026-05-11 16:32:53.987006,22.220513254512213,NORMAL,
2026-05-11 16:32:53.997565,31.962143479037987,ANOMALY,"
[AI-style Explanation]
현재 온도: 31.96°C

가능한 원인:
- 장비 부하 증가
- 주변 온도 상승
- 냉각 장치 이상 가능성

대응 방안:
- 장비 상태 확인
- 냉각 시스템 점검
- 온도 변화 추이를 추가 모니터링
"
2026-05-11 16:32:54.009457,22.324223617379374,NORMAL,
2026-05-11 16:32:54.020083,24.972024799450782,NORMAL,
2026-05-11 16:32:54.030535,25.06770308024091,NORMAL,
2026-05-11 16:32:54.041030,25.690380750334178,NORMAL,
2026-05-11 16:32:54.051635,23.541965108237157,NORMAL,
2026-05-11 16:32:54.062352,24.37859026685973,NORMAL,
2026-05-11 16:32:54.073096,24.84901217427068,NORMAL,
2026-05-11 16:32:54.083460,29.644364779593353,ANOMALY,"
[AI-style Explanation]
현재 온도: 29.64°C

가능한 원인:
- 장비 부하 증가
- 주변 온도 상승
- 냉각 장치 이상 가능성

대응 방안:
- 장비 상태 확인
- 냉각 시스템 점검
- 온도 변화 추이를 추가 모니터링
"
2026-05-11 16:32:54.095757,22.23602250974535,NORMAL,
2026-05-11 16:32:54.106347,25.496030708307092,NORMAL,
2026-05-11 16:32:54.116790,23.1112330151992,NORMAL,
2026-05-11 16:32:54.127134,29.090378614258135,ANOMALY,"
[AI-style Explanation]
현재 온도: 29.09°C

가능한 원인:
- 장비 부하 증가
- 주변 온도 상승
- 냉각 장치 이상 가능성

대응 방안:
- 장비 상태 확인
- 냉각 시스템 점검
- 온도 변화 추이를 추가 모니터링
"
2026-05-11 16:32:54.138200,25.573146939049174,NORMAL,
2026-05-11 16:32:54.148616,31.488469111774048,ANOMALY,"
[AI-style Explanation]
현재 온도: 31.49°C

가능한 원인:
- 장비 부하 증가
- 주변 온도 상승
- 냉각 장치 이상 가능성

대응 방안:
- 장비 상태 확인
- 냉각 시스템 점검
- 온도 변화 추이를 추가 모니터링
"
2026-05-11 16:32:54.160005,25.819869775387016,NORMAL,
2026-05-11 16:32:54.170608,30.17458492224777,ANOMALY,"
[AI-style Explanation]
현재 온도: 30.17°C

가능한 원인:
- 장비 부하 증가
- 주변 온도 상승
- 냉각 장치 이상 가능성

대응 방안:
- 장비 상태 확인
- 냉각 시스템 점검
- 온도 변화 추이를 추가 모니터링
"
2026-05-11 16:32:54.182162,30.8801003438506,ANOMALY,"
[AI-style Explanation]
현재 온도: 30.88°C

가능한 원인:
- 장비 부하 증가
- 주변 온도 상승
- 냉각 장치 이상 가능성

대응 방안:
- 장비 상태 확인
- 냉각 시스템 점검
- 온도 변화 추이를 추가 모니터링
"
2026-05-11 16:32:54.194263,25.924526045764722,NORMAL,
2026-05-11 16:32:54.204596,24.731056159598577,NORMAL,
2026-05-11 16:32:54.215011,28.050797581416752,ANOMALY,"
[AI-style Explanation]
현재 온도: 28.05°C

가능한 원인:
- 장비 부하 증가
- 주변 온도 상승
- 냉각 장치 이상 가능성

대응 방안:
- 장비 상태 확인
- 냉각 시스템 점검
- 온도 변화 추이를 추가 모니터링
"
2026-05-11 16:32:54.226648,23.089859756381557,NORMAL,
2026-05-11 16:32:54.237465,25.493641558437293,NORMAL,
2026-05-11 16:32:54.248049,31.038455818712816,ANOMALY,"
[AI-style Explanation]
현재 온도: 31.04°C

가능한 원인:
- 장비 부하 증가
- 주변 온도 상승
- 냉각 장치 이상 가능성

대응 방안:
- 장비 상태 확인
- 냉각 시스템 점검
- 온도 변화 추이를 추가 모니터링
"
2026-05-11 16:32:54.258913,24.449170402325315,NORMAL,
2026-05-11 16:32:54.269426,23.40411127487531,NORMAL,
2026-05-11 16:32:54.280296,24.392473122386104,NORMAL,
2026-05-11 16:32:54.292144,24.023149810183124,NORMAL,
2026-05-11 16:32:54.303392,30.561514129748925,ANOMALY,"
[AI-style Explanation]
현재 온도: 30.56°C

가능한 원인:
- 장비 부하 증가
- 주변 온도 상승
- 냉각 장치 이상 가능성

대응 방안:
- 장비 상태 확인
- 냉각 시스템 점검
- 온도 변화 추이를 추가 모니터링
"
2026-05-11 16:32:54.315350,23.808527294366137,NORMAL,
2026-05-11 16:32:54.325876,30.2044341999157,ANOMALY,"
[AI-style Explanation]
현재 온도: 30.20°C

가능한 원인:
- 장비 부하 증가
- 주변 온도 상승
- 냉각 장치 이상 가능성

대응 방안:
- 장비 상태 확인
- 냉각 시스템 점검
- 온도 변화 추이를 추가 모니터링
"
2026-05-11 16:32:54.337227,23.289316083005264,NORMAL,
2026-05-11 16:32:54.347977,23.55980708008738,NORMAL,
2026-05-11 16:32:54.358640,23.86054663680631,NORMAL,
2026-05-11 16:32:54.369205,23.581899173923386,NORMAL,
2026-05-11 16:32:54.379747,30.75594793209681,ANOMALY,"
[AI-style Explanation]
현재 온도: 30.76°C

가능한 원인:
- 장비 부하 증가
- 주변 온도 상승
- 냉각 장치 이상 가능성

대응 방안:
- 장비 상태 확인
- 냉각 시스템 점검
- 온도 변화 추이를 추가 모니터링
"
2026-05-11 16:32:54.391724,25.49818490946805,NORMAL,
2026-05-11 16:32:54.402552,22.848338119325497,NORMAL,
2026-05-11 16:32:54.413156,24.721431443617327,NORMAL,
2026-05-11 16:32:54.423886,25.81271569362891,NORMAL,
2026-05-11 16:32:54.434758,23.383988811824967,NORMAL,
2026-05-11 16:32:54.445529,25.886176099197744,NORMAL,
2026-05-11 16:32:54.455936,25.508395826264714,NORMAL,
2026-05-11 16:32:54.466561,22.426346601465195,NORMAL,
2026-05-11 16:32:54.477377,22.571489268051522,NORMAL,
2026-05-11 16:32:54.487653,29.065807858937042,ANOMALY,"
[AI-style Explanation]
현재 온도: 29.07°C

가능한 원인:
- 장비 부하 증가
- 주변 온도 상승
- 냉각 장치 이상 가능성

대응 방안:
- 장비 상태 확인
- 냉각 시스템 점검
- 온도 변화 추이를 추가 모니터링
"
2026-05-11 16:32:54.500642,31.63994912437723,ANOMALY,"
[AI-style Explanation]
현재 온도: 31.64°C

가능한 원인:
- 장비 부하 증가
- 주변 온도 상승
- 냉각 장치 이상 가능성

대응 방안:
- 장비 상태 확인
- 냉각 시스템 점검
- 온도 변화 추이를 추가 모니터링
"
2026-05-11 16:32:54.513184,25.28425813648494,NORMAL,
2026-05-11 16:32:54.523797,28.133558135302877,ANOMALY,"
[AI-style Explanation]
현재 온도: 28.13°C

가능한 원인:
- 장비 부하 증가
- 주변 온도 상승
- 냉각 장치 이상 가능성

대응 방안:
- 장비 상태 확인
- 냉각 시스템 점검
- 온도 변화 추이를 추가 모니터링
"
2026-05-11 16:32:54.535758,22.507204172780238,NORMAL,
2026-05-11 16:32:54.546162,23.425509554351205,NORMAL,
2026-05-11 16:32:54.556781,24.091965703445375,NORMAL,
2026-05-11 16:32:54.567505,22.246452901275823,NORMAL,
2026-05-11 16:32:54.577926,25.07596909458333,NORMAL,
2026-05-11 16:32:54.588447,22.38518231766977,NORMAL,
2026-05-11 16:32:54.598699,31.580860230214217,ANOMALY,"
[AI-style Explanation]
현재 온도: 31.58°C

가능한 원인:
- 장비 부하 증가
- 주변 온도 상승
- 냉각 장치 이상 가능성

대응 방안:
- 장비 상태 확인
- 냉각 시스템 점검
- 온도 변화 추이를 추가 모니터링
"
2026-05-11 16:32:54.609951,30.968387269448222,ANOMALY,"
[AI-style Explanation]
현재 온도: 30.97°C

가능한 원인:
- 장비 부하 증가
- 주변 온도 상승
- 냉각 장치 이상 가능성

대응 방안:
- 장비 상태 확인
- 냉각 시스템 점검
- 온도 변화 추이를 추가 모니터링
"
2026-05-11 16:32:54.621448,23.30659466948868,NORMAL,
2026-05-11 16:32:54.632082,25.144140558354472,NORMAL,
2026-05-11 16:32:54.642850,28.00380277770788,ANOMALY,"
[AI-style Explanation]
현재 온도: 28.00°C

가능한 원인:
- 장비 부하 증가
- 주변 온도 상승
- 냉각 장치 이상 가능성

대응 방안:
- 장비 상태 확인
- 냉각 시스템 점검
- 온도 변화 추이를 추가 모니터링
"
2026-05-11 16:32:54.654591,25.0730623009502,NORMAL,
2026-05-11 16:32:54.664926,22.738495850632905,NORMAL,
2026-05-11 16:32:54.675801,30.868566422601596,ANOMALY,"
[AI-style Explanation]
현재 온도: 30.87°C

가능한 원인:
- 장비 부하 증가
- 주변 온도 상승
- 냉각 장치 이상 가능성

대응 방안:
- 장비 상태 확인
- 냉각 시스템 점검
- 온도 변화 추이를 추가 모니터링
"
2026-05-11 16:32:54.687844,28.966289461018768,ANOMALY,"
[AI-style Explanation]
현재 온도: 28.97°C

가능한 원인:
- 장비 부하 증가
- 주변 온도 상승
- 냉각 장치 이상 가능성

대응 방안:
- 장비 상태 확인
- 냉각 시스템 점검
- 온도 변화 추이를 추가 모니터링
"
2026-05-11 16:32:54.703544,22.836779574130087,NORMAL,
2026-05-11 16:32:54.714130,28.297446671039765,ANOMALY,"
[AI-style Explanation]
현재 온도: 28.30°C

가능한 원인:
- 장비 부하 증가
- 주변 온도 상승
- 냉각 장치 이상 가능성

대응 방안:
- 장비 상태 확인
- 냉각 시스템 점검
- 온도 변화 추이를 추가 모니터링
"
2026-05-11 16:32:54.725517,23.431533861979602,NORMAL,
2026-05-11 16:32:54.735996,25.626859351267225,NORMAL,
2026-05-11 16:32:54.746967,29.728082725329276,ANOMALY,"
[AI-style Explanation]
현재 온도: 29.73°C

가능한 원인:
- 장비 부하 증가
- 주변 온도 상승
- 냉각 장치 이상 가능성

대응 방안:
- 장비 상태 확인
- 냉각 시스템 점검
- 온도 변화 추이를 추가 모니터링
"
2026-05-11 16:32:54.762350,25.081216575861028,NORMAL,
2026-05-11 16:32:54.772929,22.382143788007976,NORMAL,
2026-05-11 16:32:54.783515,22.109546707703085,NORMAL,
2026-05-11 16:32:54.794504,22.91559755540615,NORMAL,
2026-05-11 16:32:54.805238,24.78358114429019,NORMAL,
2026-05-11 16:32:54.815765,22.466349204827985,NORMAL,
2026-05-11 16:32:54.826261,25.59281716105441,NORMAL,
2026-05-11 16:32:54.836815,30.235624227309057,ANOMALY,"
[AI-style Explanation]
현재 온도: 30.24°C

가능한 원인:
- 장비 부하 증가
- 주변 온도 상승
- 냉각 장치 이상 가능성

대응 방안:
- 장비 상태 확인
- 냉각 시스템 점검
- 온도 변화 추이를 추가 모니터링
"
2026-05-11 16:32:54.847898,30.14244004825277,ANOMALY,"
[AI-style Explanation]
현재 온도: 30.14°C

가능한 원인:
- 장비 부하 증가
- 주변 온도 상승
- 냉각 장치 이상 가능성

대응 방안:
- 장비 상태 확인
- 냉각 시스템 점검
- 온도 변화 추이를 추가 모니터링
"
2026-05-11 16:32:54.859961,23.408715824368027,NORMAL,
2026-05-11 16:32:54.870448,29.958426533696457,ANOMALY,"
[AI-style Explanation]
현재 온도: 29.96°C

가능한 원인:
- 장비 부하 증가
- 주변 온도 상승
- 냉각 장치 이상 가능성

대응 방안:
- 장비 상태 확인
- 냉각 시스템 점검
- 온도 변화 추이를 추가 모니터링
"
2026-05-11 16:32:54.882182,23.124986463181106,NORMAL,
2026-05-11 16:32:54.893048,25.321490703204866,NORMAL,
2026-05-11 16:32:54.903682,25.985554923363168,NORMAL,
2026-05-11 16:32:54.914868,30.484954497829676,ANOMALY,"
[AI-style Explanation]
현재 온도: 30.48°C

가능한 원인:
- 장비 부하 증가
- 주변 온도 상승
- 냉각 장치 이상 가능성

대응 방안:
- 장비 상태 확인
- 냉각 시스템 점검
- 온도 변화 추이를 추가 모니터링
"
2026-05-11 16:32:54.927040,24.584196118597198,NORMAL,
2026-05-11 16:32:54.937816,24.793695327485178,NORMAL,
2026-05-11 16:32:54.948402,23.24615420172314,NORMAL,
2026-05-11 16:32:54.959904,22.62922277058372,NORMAL,
2026-05-11 16:32:54.970722,22.23013417840959,NORMAL,
2026-05-11 16:32:54.981398,29.39197736321847,ANOMALY,"
[AI-style Explanation]
현재 온도: 29.39°C

가능한 원인:
- 장비 부하 증가
- 주변 온도 상승
- 냉각 장치 이상 가능성

대응 방안:
- 장비 상태 확인
- 냉각 시스템 점검
- 온도 변화 추이를 추가 모니터링
"
2026-05-11 16:32:54.996110,28.290974120406513,ANOMALY,"
[AI-style Explanation]
현재 온도: 28.29°C

가능한 원인:
- 장비 부하 증가
- 주변 온도 상승
- 냉각 장치 이상 가능성

대응 방안:
- 장비 상태 확인
- 냉각 시스템 점검
- 온도 변화 추이를 추가 모니터링
"
2026-05-11 16:32:55.008262,24.94076854998587,NORMAL,
2026-05-11 16:32:55.019261,25.933348435083385,NORMAL,
2026-05-11 16:32:55.029767,25.314039615328877,NORMAL,
2026-05-11 16:32:55.040415,31.277575179363293,ANOMALY,"
[AI-style Explanation]
현재 온도: 31.28°C

가능한 원인:
- 장비 부하 증가
- 주변 온도 상승
- 냉각 장치 이상 가능성

대응 방안:
- 장비 상태 확인
- 냉각 시스템 점검
- 온도 변화 추이를 추가 모니터링
"
2026-05-11 16:32:55.053614,24.136937003405787,NORMAL,
